<?xml version="1.0" encoding="UTF-8"?><project>
  <label>Project 1</label>
  <begin>2009-09-18</begin>
  <end>2010-04-18</end>
  <participantsIds>
    <string>c5c71740-669b-4cf0-a906-c95e77ab3db2</string>
    <string>0bcfddce-dfa8-47a6-a298-1a6b8387a13c</string>
    <string>8d8bf230-09df-4a38-a538-436c1760691f</string>
    <string>f0e02d01-ccdf-43f5-bc43-0b4720c4b3dc</string>
    <string>e34e1769-bf6b-41d4-9f15-952a016a6c84</string>
  </participantsIds>
  <adminsIds>
    <string>c5c71740-669b-4cf0-a906-c95e77ab3db2</string>
    <string>0bcfddce-dfa8-47a6-a298-1a6b8387a13c</string>
    <string>8d8bf230-09df-4a38-a538-436c1760691f</string>
    <string>f0e02d01-ccdf-43f5-bc43-0b4720c4b3dc</string>
    <string>e34e1769-bf6b-41d4-9f15-952a016a6c84</string>
  </adminsIds>
  <productOwnersIds>
    <string>8d8bf230-09df-4a38-a538-436c1760691f</string>
  </productOwnersIds>
  <scrumMastersIds>
    <string>f0e02d01-ccdf-43f5-bc43-0b4720c4b3dc</string>
  </scrumMastersIds>
  <teamMembersIds>
    <string>c5c71740-669b-4cf0-a906-c95e77ab3db2</string>
    <string>0bcfddce-dfa8-47a6-a298-1a6b8387a13c</string>
    <string>e34e1769-bf6b-41d4-9f15-952a016a6c84</string>
  </teamMembersIds>
  <currentSprintId>2830698f-a6aa-4bbf-ad23-2b759328bb65</currentSprintId>
  <nextSprintId>f841efaf-0b17-4ced-be75-a3d2fedcba56</nextSprintId>
  <requirementsOrderIds/>
  <lastTaskNumber>28</lastTaskNumber>
  <lastRequirementNumber>5</lastRequirementNumber>
  <lastQualityNumber>2</lastQualityNumber>
  <lastRiskNumber>7</lastRiskNumber>
  <lastIssueNumber>5</lastIssueNumber>
  <lastImpedimentNumber>3</lastImpedimentNumber>
  <lastFileNumber>1</lastFileNumber>
  <punishmentFactor>1</punishmentFactor>
  <punishmentUnit>EUR</punishmentUnit>
  <id>b390d3ca-1eac-4e7c-854d-0a6b61b2ba09</id>
  <lastModified>2009-12-20 15:52:43</lastModified>
</project>