<?xml version="1.0" encoding="UTF-8"?><comment>
  <parentId>b390d3ca-1eac-4e7c-854d-0a6b61b2ba09</parentId>
  <authorId>8d8bf230-09df-4a38-a538-436c1760691f</authorId>
  <text>öalskgjf alskgj föalksgj döalkgj alösj aöl jfaöslkjfslajf aöldj löak al jföas jdlösg dölkjfösj dlöj löajfdlaöas jdöafdöalkjflskd jfaölk jflksjflkösjöajdflkasj dlasgj laksjf [[Image:fle1|thumb]]

alksgjf aölskgj dfölsj fdljgd flaksjöalskgjf alskgj föalksgj döalkgj alösj aöl jfaöslkjfslajf aöldj löak al jföas jdlösg dölkjfösj dlöj löajfdlaöas jdöafdöalkjflskd jfaölk jflksjflkösjöajdflkasj dlasgj</text>
  <dateAndTime>2009-12-20 16:01:50</dateAndTime>
  <id>2ddae80d-be96-4693-a604-44cc538878b02</id>
  <lastModified>2009-12-20 16:01:50</lastModified>
</comment>